--1 ère année :
insert into Mod_Elem_id values ('HIGI104','ENH','AN','Etape 1',' ','2014-07-23 00:00:00');
--S1
insert into Mod_Elem_id values ('HIGI1004','ENH','SM01','Semestre1',' ','2014-07-23 00:00:00');
insert into Mod_Elem_id values ('HIGI1104','ENH','MOD','S1','python',2014-07-23 00:00:00);
insert into Mod_Elem_id values ('HIGI1204','ENH','MOD','S1','programmation',2014-07-23 00:00:00);
insert into Mod_Elem_id values ('HIGI1224','ENH','ELM','S1','c++',2014-07-23 00:00:00);
insert into Mod_Elem_id values ('HIGI1234','ENH','ELM','S1','java',2014-07-23 00:00:00);
insert into Mod_Elem_id values ('HIGI1304','ENH','MOD','S1','no module exist',2014-07-23 00:00:00);
insert into Mod_Elem_id values ('HIGI1404','ENH','MOD','S1','no module exist',2014-07-23 00:00:00);
insert into Mod_Elem_id values ('HIGI1504','ENH','MOD','S1','no module exist',2014-07-23 00:00:00);
insert into Mod_Elem_id values ('HIGI1604','ENH','MOD','S1','no module exist',2014-07-23 00:00:00);
--S2
insert into Mod_Elem_id values ('HIGI2004','ENH','SM02','Semestre2',' ','2014-07-23 00:00:00');
insert into Mod_Elem_id values ('HIGI2104','ENH','MOD','S2','no module exist',2014-07-23 00:00:00);
insert into Mod_Elem_id values ('HIGI2204','ENH','MOD','S2','no module exist',2014-07-23 00:00:00);
insert into Mod_Elem_id values ('HIGI2304','ENH','MOD','S2','no module exist',2014-07-23 00:00:00);
insert into Mod_Elem_id values ('HIGI2404','ENH','MOD','S2','no module exist',2014-07-23 00:00:00);
insert into Mod_Elem_id values ('HIGI2504','ENH','MOD','S2','no module exist',2014-07-23 00:00:00);
insert into Mod_Elem_id values ('HIGI2604','ENH','MOD','S2','no module exist',2014-07-23 00:00:00);

--2 ème année :
insert into Mod_Elem_id values ('HIGI204','ENH','AN','Etape 2',' ','2014-07-23 00:00:00');
--S3
insert into Mod_Elem_id values ('HIGI3004','ENH','SM03','Semestre3',' ','2014-07-23 00:00:00');
insert into Mod_Elem_id values ('HIGI3104','ENH','MOD','S3','no module exist',2014-07-23 00:00:00);
insert into Mod_Elem_id values ('HIGI3204','ENH','MOD','S3','no module exist',2014-07-23 00:00:00);
insert into Mod_Elem_id values ('HIGI3304','ENH','MOD','S3','UML',2014-07-23 00:00:00);
insert into Mod_Elem_id values ('HIGI3404','ENH','MOD','S3','no module exist',2014-07-23 00:00:00);
insert into Mod_Elem_id values ('HIGI3504','ENH','MOD','S3','no module exist',2014-07-23 00:00:00);
insert into Mod_Elem_id values ('HIGI3604','ENH','MOD','S3','no module exist',2014-07-23 00:00:00);
--S4
insert into Mod_Elem_id values ('HIGI4004','ENH','SM04','Semestre4',' ','2014-07-23 00:00:00');
insert into Mod_Elem_id values ('HIGI4104','ENH','MOD','S4','no module exist',2014-07-23 00:00:00);
insert into Mod_Elem_id values ('HIGI4204','ENH','MOD','S4','no module exist',2014-07-23 00:00:00);
insert into Mod_Elem_id values ('HIGI4304','ENH','MOD','S4','no module exist',2014-07-23 00:00:00);
insert into Mod_Elem_id values ('HIGI4404','ENH','MOD','S4','no module exist',2014-07-23 00:00:00);
insert into Mod_Elem_id values ('HIGI4504','ENH','MOD','S4','no module exist',2014-07-23 00:00:00);
insert into Mod_Elem_id values ('HIGI4604','ENH','MOD','S4','no module exist',2014-07-23 00:00:00);

--3 ème année :
insert into Mod_Elem_id values ('HIGI304','ENH','AN','Etape 3',' ','2014-07-23 00:00:00');

commit;



insert into Inscr_Pedag_Id values ('ENH',HIGI104);
insert into Inscr_Pedag_Id values ('ENH',HIGI1004);
insert into Inscr_Pedag_Id values ('ENH',HIGI1104);
insert into Inscr_Pedag_Id values ('ENH',HIGI1204);
insert into Inscr_Pedag_Id values ('ENH',HIGI1224);
insert into Inscr_Pedag_Id values ('ENH',HIGI1234);
insert into Inscr_Pedag_Id values ('ENH',HIGI1304);
insert into Inscr_Pedag_Id values ('ENH',HIGI1404);
insert into Inscr_Pedag_Id values ('ENH',HIGI1504);
insert into Inscr_Pedag_Id values ('ENH',HIGI1604);
insert into Inscr_Pedag_Id values ('ENH',HIGI2004);
insert into Inscr_Pedag_Id values ('ENH',HIGI2104);
insert into Inscr_Pedag_Id values ('ENH',HIGI2204);
insert into Inscr_Pedag_Id values ('ENH',HIGI2304);
insert into Inscr_Pedag_Id values ('ENH',HIGI2404);
insert into Inscr_Pedag_Id values ('ENH',HIGI2504);
insert into Inscr_Pedag_Id values ('ENH',HIGI2604);
insert into Inscr_Pedag_Id values ('ENH',HIGI204);
insert into Inscr_Pedag_Id values ('ENH',HIGI3004);
insert into Inscr_Pedag_Id values ('ENH',HIGI3104);
insert into Inscr_Pedag_Id values ('ENH',HIGI3204);
insert into Inscr_Pedag_Id values ('ENH',HIGI3304);
insert into Inscr_Pedag_Id values ('ENH',HIGI3404);
insert into Inscr_Pedag_Id values ('ENH',HIGI3504);
insert into Inscr_Pedag_Id values ('ENH',HIGI3604);
insert into Inscr_Pedag_Id values ('ENH',HIGI4004);
insert into Inscr_Pedag_Id values ('ENH',HIGI4104);
insert into Inscr_Pedag_Id values ('ENH',HIGI4204);
insert into Inscr_Pedag_Id values ('ENH',HIGI4304);
insert into Inscr_Pedag_Id values ('ENH',HIGI4404);
insert into Inscr_Pedag_Id values ('ENH',HIGI4504);
insert into Inscr_Pedag_Id values ('ENH',HIGI4604);
insert into Inscr_Pedag_Id values ('ENH',HIGI304);
commit;


insert into Trait_Notes_Id values (HIGI104,'HTN','T','');
insert into Trait_Notes_Id values (HIGI1004,'HTN','T','');
insert into Trait_Notes_Id values (HIGI1104,'HTN','T','');
insert into Trait_Notes_Id values (HIGI1204,'HTN','T','');
insert into Trait_Notes_Id values (HIGI1224,'HTN','T','');
insert into Trait_Notes_Id values (HIGI1234,'HTN','T','');
insert into Trait_Notes_Id values (HIGI1304,'HTN','T','');
insert into Trait_Notes_Id values (HIGI1404,'HTN','T','');
insert into Trait_Notes_Id values (HIGI1504,'HTN','T','');
insert into Trait_Notes_Id values (HIGI1604,'HTN','T','');
insert into Trait_Notes_Id values (HIGI2004,'HTN','T','');
insert into Trait_Notes_Id values (HIGI2104,'HTN','T','');
insert into Trait_Notes_Id values (HIGI2204,'HTN','T','');
insert into Trait_Notes_Id values (HIGI2304,'HTN','T','');
insert into Trait_Notes_Id values (HIGI2404,'HTN','T','');
insert into Trait_Notes_Id values (HIGI2504,'HTN','T','');
insert into Trait_Notes_Id values (HIGI2604,'HTN','T','');
insert into Trait_Notes_Id values (HIGI204,'HTN','T','');
insert into Trait_Notes_Id values (HIGI3004,'HTN','T','');
insert into Trait_Notes_Id values (HIGI3104,'HTN','T','');
insert into Trait_Notes_Id values (HIGI3204,'HTN','T','');
insert into Trait_Notes_Id values (HIGI3304,'HTN','T','');
insert into Trait_Notes_Id values (HIGI3404,'HTN','T','');
insert into Trait_Notes_Id values (HIGI3504,'HTN','T','');
insert into Trait_Notes_Id values (HIGI3604,'HTN','T','');
insert into Trait_Notes_Id values (HIGI4004,'HTN','T','');
insert into Trait_Notes_Id values (HIGI4104,'HTN','T','');
insert into Trait_Notes_Id values (HIGI4204,'HTN','T','');
insert into Trait_Notes_Id values (HIGI4304,'HTN','T','');
insert into Trait_Notes_Id values (HIGI4404,'HTN','T','');
insert into Trait_Notes_Id values (HIGI4504,'HTN','T','');
insert into Trait_Notes_Id values (HIGI4604,'HTN','T','');
insert into Trait_Notes_Id values (HIGI304,'HTN','T','');
commit;


insert into List_Mod_Elm_Id values ('HIGI14','O','O',' VET 1 Année ID','');
insert into List_Mod_Elm_Id values ('HIGI104','O','O','VET_ELEM_NOM','','');
insert into List_Mod_Elm_Id values ('HIGI1004','O','O',Semestre1',' ','');
insert into List_Mod_Elm_Id values ('HIGI1104','O','O','python','');
insert into List_Mod_Elm_Id values ('HIGI1204','O','O','programmation','');
insert into List_Mod_Elm_Id values ('HIGI1304','O','O','no module exist','');
insert into List_Mod_Elm_Id values ('HIGI1404','O','O','no module exist','');
insert into List_Mod_Elm_Id values ('HIGI1504','O','O','no module exist','');
insert into List_Mod_Elm_Id values ('HIGI1604','O','O','no module exist','');
insert into List_Mod_Elm_Id values ('HIGI2004','O','O',Semestre2',' ','');
insert into List_Mod_Elm_Id values ('HIGI2104','O','O','no module exist','');
insert into List_Mod_Elm_Id values ('HIGI2204','O','O','no module exist','');
insert into List_Mod_Elm_Id values ('HIGI2304','O','O','no module exist','');
insert into List_Mod_Elm_Id values ('HIGI2404','O','O','no module exist','');
insert into List_Mod_Elm_Id values ('HIGI2504','O','O','no module exist','');
insert into List_Mod_Elm_Id values ('HIGI2604','O','O','no module exist','');

insert into List_Mod_Elm_Id values ('HIGI24','O','O',' VET 2 Année ID','');
insert into List_Mod_Elm_Id values ('HIGI204','O','O','VET_ELEM_NOM','','');
insert into List_Mod_Elm_Id values ('HIGI3004','O','O',Semestre3',' ','');
insert into List_Mod_Elm_Id values ('HIGI3104','O','O','no module exist','');
insert into List_Mod_Elm_Id values ('HIGI3204','O','O','no module exist','');
insert into List_Mod_Elm_Id values ('HIGI3304','O','O','UML','');
insert into List_Mod_Elm_Id values ('HIGI3404','O','O','no module exist','');
insert into List_Mod_Elm_Id values ('HIGI3504','O','O','no module exist','');
insert into List_Mod_Elm_Id values ('HIGI3604','O','O','no module exist','');
insert into List_Mod_Elm_Id values ('HIGI4004','O','O',Semestre4',' ','');
insert into List_Mod_Elm_Id values ('HIGI4104','O','O','no module exist','');
insert into List_Mod_Elm_Id values ('HIGI4204','O','O','no module exist','');
insert into List_Mod_Elm_Id values ('HIGI4304','O','O','no module exist','');
insert into List_Mod_Elm_Id values ('HIGI4404','O','O','no module exist','');
insert into List_Mod_Elm_Id values ('HIGI4504','O','O','no module exist','');
insert into List_Mod_Elm_Id values ('HIGI4604','O','O','no module exist','');

commit;



--3 ème année :
insert into Mod_Elem_id values ('HIBI304','ENH','AN','Etape 3',' ','2014-07-23 00:00:00');
--S5
insert into Mod_Elem_id values ('HIBI5004','ENH','SM05','Semestre5',' ','2014-07-23 00:00:00');
insert into Mod_Elem_id values ('HIBI5104','ENH','MOD','S5','no module exist',2014-07-23 00:00:00);
insert into Mod_Elem_id values ('HIBI5204','ENH','MOD','S5','no module exist',2014-07-23 00:00:00);
insert into Mod_Elem_id values ('HIBI5304','ENH','MOD','S5','Power BI',2014-07-23 00:00:00);
insert into Mod_Elem_id values ('HIBI5404','ENH','MOD','S5','no module exist',2014-07-23 00:00:00);
insert into Mod_Elem_id values ('HIBI5504','ENH','MOD','S5','no module exist',2014-07-23 00:00:00);
insert into Mod_Elem_id values ('HIBI5604','ENH','MOD','S5','no module exist',2014-07-23 00:00:00);
--S6
insert into Mod_Elem_id values ('HIBI6004','ENH','SM06','Semestre6',' ','2014-07-23 00:00:00');
insert into Mod_Elem_id values ('HIBI6104','ENH','MOD','S6','no module exist',2014-07-23 00:00:00);

commit;



insert into List_Mod_Elm_Id values ('HIBI34','O','O',' VET 3 Année ID','');
insert into List_Mod_Elm_Id values ('HIBI304','O','O','VET_ELEM_NOM','','');
insert into List_Mod_Elm_Id values ('HIBI5004','O','O',Semestre5',' ','');
insert into List_Mod_Elm_Id values ('HIBI5104','O','O','no module exist','');
insert into List_Mod_Elm_Id values ('HIBI5204','O','O','no module exist','');
insert into List_Mod_Elm_Id values ('HIBI5304','O','O','Power BI','');
insert into List_Mod_Elm_Id values ('HIBI5404','O','O','no module exist','');
insert into List_Mod_Elm_Id values ('HIBI5504','O','O','no module exist','');
insert into List_Mod_Elm_Id values ('HIBI5604','O','O','no module exist','');
insert into List_Mod_Elm_Id values ('HIBI6004','O','O',Semestre6',' ','');
insert into List_Mod_Elm_Id values ('HIBI6104','O','O','no module exist','');

commit;



insert into Inscr_Pedag_Id values ('ENH',HIBI304);
insert into Inscr_Pedag_Id values ('ENH',HIBI5004);
insert into Inscr_Pedag_Id values ('ENH',HIBI5104);
insert into Inscr_Pedag_Id values ('ENH',HIBI5204);
insert into Inscr_Pedag_Id values ('ENH',HIBI5304);
insert into Inscr_Pedag_Id values ('ENH',HIBI5404);
insert into Inscr_Pedag_Id values ('ENH',HIBI5504);
insert into Inscr_Pedag_Id values ('ENH',HIBI5604);
insert into Inscr_Pedag_Id values ('ENH',HIBI6004);
insert into Inscr_Pedag_Id values ('ENH',HIBI6104);
insert into Inscr_Pedag_Id values ('ENH',HIBI5104);
insert into Inscr_Pedag_Id values ('ENH',HIBI5204);
insert into Inscr_Pedag_Id values ('ENH',HIBI5404);
insert into Inscr_Pedag_Id values ('ENH',HIBI5504);
insert into Inscr_Pedag_Id values ('ENH',HIBI5604);
insert into Inscr_Pedag_Id values ('ENH',HIBI6104);
commit;


insert into Trait_Notes_Id values (HIBI304,'HTN','T','');
insert into Trait_Notes_Id values (HIBI5004,'HTN','T','');
insert into Trait_Notes_Id values (HIBI5104,'HTN','T','');
insert into Trait_Notes_Id values (HIBI5204,'HTN','T','');
insert into Trait_Notes_Id values (HIBI5304,'HTN','T','');
insert into Trait_Notes_Id values (HIBI5404,'HTN','T','');
insert into Trait_Notes_Id values (HIBI5504,'HTN','T','');
insert into Trait_Notes_Id values (HIBI5604,'HTN','T','');
insert into Trait_Notes_Id values (HIBI6004,'HTN','T','');
insert into Trait_Notes_Id values (HIBI6104,'HTN','T','');
insert into Trait_Notes_Id values (HIBI5104,'HTN','T','');
insert into Trait_Notes_Id values (HIBI5204,'HTN','T','');
insert into Trait_Notes_Id values (HIBI5404,'HTN','T','');
insert into Trait_Notes_Id values (HIBI5504,'HTN','T','');
insert into Trait_Notes_Id values (HIBI5604,'HTN','T','');
insert into Trait_Notes_Id values (HIBI6104,'HTN','T','');
commit;


--3 ème année :
insert into Mod_Elem_id values ('HIGL304','ENH','AN','Etape 3',' ','2014-07-23 00:00:00');
--S7
insert into Mod_Elem_id values ('HIGL7004','ENH','SM07','Semestre7',' ','2014-07-23 00:00:00');
insert into Mod_Elem_id values ('HIGL7104','ENH','MOD','S7','Methode d'agile',2014-07-23 00:00:00);
insert into Mod_Elem_id values ('HIGL7204','ENH','MOD','S7','no module exist',2014-07-23 00:00:00);
insert into Mod_Elem_id values ('HIGL7304','ENH','MOD','S7','no module exist',2014-07-23 00:00:00);
insert into Mod_Elem_id values ('HIGL7404','ENH','MOD','S7','no module exist',2014-07-23 00:00:00);
insert into Mod_Elem_id values ('HIGL7504','ENH','MOD','S7','no module exist',2014-07-23 00:00:00);
insert into Mod_Elem_id values ('HIGL7604','ENH','MOD','S7','no module exist',2014-07-23 00:00:00);
--S8
insert into Mod_Elem_id values ('HIGL8004','ENH','SM08','Semestre8',' ','2014-07-23 00:00:00');
insert into Mod_Elem_id values ('HIGL8104','ENH','MOD','S8','no module exist',2014-07-23 00:00:00);

commit;



insert into List_Mod_Elm_Id values ('HIGL34','O','O',' VET 3 Année ID','');
insert into List_Mod_Elm_Id values ('HIGL304','O','O','VET_ELEM_NOM','','');
insert into List_Mod_Elm_Id values ('HIGL7004','O','O',Semestre7',' ','');
insert into List_Mod_Elm_Id values ('HIGL7104','O','O','Methode d'agile','');
insert into List_Mod_Elm_Id values ('HIGL7204','O','O','no module exist','');
insert into List_Mod_Elm_Id values ('HIGL7304','O','O','no module exist','');
insert into List_Mod_Elm_Id values ('HIGL7404','O','O','no module exist','');
insert into List_Mod_Elm_Id values ('HIGL7504','O','O','no module exist','');
insert into List_Mod_Elm_Id values ('HIGL7604','O','O','no module exist','');
insert into List_Mod_Elm_Id values ('HIGL8004','O','O',Semestre8',' ','');
insert into List_Mod_Elm_Id values ('HIGL8104','O','O','no module exist','');

commit;



insert into Inscr_Pedag_Id values ('ENH',HIGL304);
insert into Inscr_Pedag_Id values ('ENH',HIGL7004);
insert into Inscr_Pedag_Id values ('ENH',HIGL7104);
insert into Inscr_Pedag_Id values ('ENH',HIGL7204);
insert into Inscr_Pedag_Id values ('ENH',HIGL7304);
insert into Inscr_Pedag_Id values ('ENH',HIGL7404);
insert into Inscr_Pedag_Id values ('ENH',HIGL7504);
insert into Inscr_Pedag_Id values ('ENH',HIGL7604);
insert into Inscr_Pedag_Id values ('ENH',HIGL8004);
insert into Inscr_Pedag_Id values ('ENH',HIGL8104);
insert into Inscr_Pedag_Id values ('ENH',HIGL7204);
insert into Inscr_Pedag_Id values ('ENH',HIGL7304);
insert into Inscr_Pedag_Id values ('ENH',HIGL7404);
insert into Inscr_Pedag_Id values ('ENH',HIGL7504);
insert into Inscr_Pedag_Id values ('ENH',HIGL7604);
insert into Inscr_Pedag_Id values ('ENH',HIGL8104);
commit;


insert into Trait_Notes_Id values (HIGL304,'HTN','T','');
insert into Trait_Notes_Id values (HIGL7004,'HTN','T','');
insert into Trait_Notes_Id values (HIGL7104,'HTN','T','');
insert into Trait_Notes_Id values (HIGL7204,'HTN','T','');
insert into Trait_Notes_Id values (HIGL7304,'HTN','T','');
insert into Trait_Notes_Id values (HIGL7404,'HTN','T','');
insert into Trait_Notes_Id values (HIGL7504,'HTN','T','');
insert into Trait_Notes_Id values (HIGL7604,'HTN','T','');
insert into Trait_Notes_Id values (HIGL8004,'HTN','T','');
insert into Trait_Notes_Id values (HIGL8104,'HTN','T','');
insert into Trait_Notes_Id values (HIGL7204,'HTN','T','');
insert into Trait_Notes_Id values (HIGL7304,'HTN','T','');
insert into Trait_Notes_Id values (HIGL7404,'HTN','T','');
insert into Trait_Notes_Id values (HIGL7504,'HTN','T','');
insert into Trait_Notes_Id values (HIGL7604,'HTN','T','');
insert into Trait_Notes_Id values (HIGL8104,'HTN','T','');
commit;


--3 ème année :
insert into Mod_Elem_id values ('HIMEDIA304','ENH','AN','Etape 3',' ','2014-07-23 00:00:00');
--S9
insert into Mod_Elem_id values ('HIMEDIA9004','ENH','SM09','Semestre9',' ','2014-07-23 00:00:00');
insert into Mod_Elem_id values ('HIMEDIA9104','ENH','MOD','S9','Telecom',2014-07-23 00:00:00);
insert into Mod_Elem_id values ('HIMEDIA9204','ENH','MOD','S9','no module exist',2014-07-23 00:00:00);
insert into Mod_Elem_id values ('HIMEDIA9304','ENH','MOD','S9','no module exist',2014-07-23 00:00:00);
insert into Mod_Elem_id values ('HIMEDIA9404','ENH','MOD','S9','no module exist',2014-07-23 00:00:00);
insert into Mod_Elem_id values ('HIMEDIA9504','ENH','MOD','S9','no module exist',2014-07-23 00:00:00);
insert into Mod_Elem_id values ('HIMEDIA9604','ENH','MOD','S9','no module exist',2014-07-23 00:00:00);
--S10
insert into Mod_Elem_id values ('HIMEDIA10004','ENH','SM010','Semestre10',' ','2014-07-23 00:00:00');
insert into Mod_Elem_id values ('HIMEDIA10104','ENH','MOD','S10','no module exist',2014-07-23 00:00:00);

commit;



insert into List_Mod_Elm_Id values ('HIMEDIA34','O','O',' VET 3 Année ID','');
insert into List_Mod_Elm_Id values ('HIMEDIA304','O','O','VET_ELEM_NOM','','');
insert into List_Mod_Elm_Id values ('HIMEDIA9004','O','O',Semestre9',' ','');
insert into List_Mod_Elm_Id values ('HIMEDIA9104','O','O','Telecom','');
insert into List_Mod_Elm_Id values ('HIMEDIA9204','O','O','no module exist','');
insert into List_Mod_Elm_Id values ('HIMEDIA9304','O','O','no module exist','');
insert into List_Mod_Elm_Id values ('HIMEDIA9404','O','O','no module exist','');
insert into List_Mod_Elm_Id values ('HIMEDIA9504','O','O','no module exist','');
insert into List_Mod_Elm_Id values ('HIMEDIA9604','O','O','no module exist','');
insert into List_Mod_Elm_Id values ('HIMEDIA10004','O','O',Semestre10',' ','');
insert into List_Mod_Elm_Id values ('HIMEDIA10104','O','O','no module exist','');

commit;



insert into Inscr_Pedag_Id values ('ENH',HIMEDIA304);
insert into Inscr_Pedag_Id values ('ENH',HIMEDIA9004);
insert into Inscr_Pedag_Id values ('ENH',HIMEDIA9104);
insert into Inscr_Pedag_Id values ('ENH',HIMEDIA9204);
insert into Inscr_Pedag_Id values ('ENH',HIMEDIA9304);
insert into Inscr_Pedag_Id values ('ENH',HIMEDIA9404);
insert into Inscr_Pedag_Id values ('ENH',HIMEDIA9504);
insert into Inscr_Pedag_Id values ('ENH',HIMEDIA9604);
insert into Inscr_Pedag_Id values ('ENH',HIMEDIA10004);
insert into Inscr_Pedag_Id values ('ENH',HIMEDIA10104);
insert into Inscr_Pedag_Id values ('ENH',HIMEDIA9204);
insert into Inscr_Pedag_Id values ('ENH',HIMEDIA9304);
insert into Inscr_Pedag_Id values ('ENH',HIMEDIA9404);
insert into Inscr_Pedag_Id values ('ENH',HIMEDIA9504);
insert into Inscr_Pedag_Id values ('ENH',HIMEDIA9604);
insert into Inscr_Pedag_Id values ('ENH',HIMEDIA10104);
commit;


insert into Trait_Notes_Id values (HIMEDIA304,'HTN','T','');
insert into Trait_Notes_Id values (HIMEDIA9004,'HTN','T','');
insert into Trait_Notes_Id values (HIMEDIA9104,'HTN','T','');
insert into Trait_Notes_Id values (HIMEDIA9204,'HTN','T','');
insert into Trait_Notes_Id values (HIMEDIA9304,'HTN','T','');
insert into Trait_Notes_Id values (HIMEDIA9404,'HTN','T','');
insert into Trait_Notes_Id values (HIMEDIA9504,'HTN','T','');
insert into Trait_Notes_Id values (HIMEDIA9604,'HTN','T','');
insert into Trait_Notes_Id values (HIMEDIA10004,'HTN','T','');
insert into Trait_Notes_Id values (HIMEDIA10104,'HTN','T','');
insert into Trait_Notes_Id values (HIMEDIA9204,'HTN','T','');
insert into Trait_Notes_Id values (HIMEDIA9304,'HTN','T','');
insert into Trait_Notes_Id values (HIMEDIA9404,'HTN','T','');
insert into Trait_Notes_Id values (HIMEDIA9504,'HTN','T','');
insert into Trait_Notes_Id values (HIMEDIA9604,'HTN','T','');
insert into Trait_Notes_Id values (HIMEDIA10104,'HTN','T','');
commit;


