--1 ère année :
insert into Mod_Elem_id values ('HIID104','ENH','AN','Etape 1',' ','2014-07-23 00:00:00');
--S1
insert into Mod_Elem_id values ('HIID1004','ENH','SM01','Semestre1',' ','2014-07-23 00:00:00');
insert into Mod_Elem_id values ('HIID1104','ENH','MOD','S1','Analyse Numérique Matricielle et Statistique Infirentielle',2014-07-23 00:00:00);
insert into Mod_Elem_id values ('HIID1114','ENH','ELM','S1','Analyse Numérique Matricielle',2014-07-23 00:00:00);
insert into Mod_Elem_id values ('HIID1124','ENH','ELM','S1','Statistique Infirentielle',2014-07-23 00:00:00);
insert into Mod_Elem_id values ('HIID1204','ENH','MOD','S1','Théorie des Langages et Compilation',2014-07-23 00:00:00);
insert into Mod_Elem_id values ('HIID1304','ENH','MOD','S1','Systéms D\'information et Bases de Données',2014-07-23 00:00:00);
insert into Mod_Elem_id values ('HIID1404','ENH','MOD','S1','Architecture des Ordinnateurs et Systemes d\'exploitation',2014-07-23 00:00:00);
insert into Mod_Elem_id values ('HIID1414','ENH','ELM','S1','Architecture des Ordinnateurs',2014-07-23 00:00:00);
insert into Mod_Elem_id values ('HIID1424','ENH','ELM','S1','Systemes d\'exploitation',2014-07-23 00:00:00);
insert into Mod_Elem_id values ('HIID1504','ENH','MOD','S1','Communication Profesionnelle et Soft Skills-1',2014-07-23 00:00:00);
insert into Mod_Elem_id values ('HIID1514','ENH','ELM','S1','Français de Communication -1-',2014-07-23 00:00:00);
insert into Mod_Elem_id values ('HIID1524','ENH','ELM','S1','Anglais de Communication-1-',2014-07-23 00:00:00);
insert into Mod_Elem_id values ('HIID1534','ENH','ELM','S1','Soft Skills-1',2014-07-23 00:00:00);
insert into Mod_Elem_id values ('HIID1604','ENH','MOD','S1','Recherche d\'Information (RI)',2014-07-23 00:00:00);
--S2
insert into Mod_Elem_id values ('HIID2004','ENH','SM02','Semestre2',' ','2014-07-23 00:00:00');
insert into Mod_Elem_id values ('HIID2104','ENH','MOD','S2','Programmation Orientée Objet JAVA',2014-07-23 00:00:00);
insert into Mod_Elem_id values ('HIID2204','ENH','MOD','S2','Data Mining',2014-07-23 00:00:00);
insert into Mod_Elem_id values ('HIID2304','ENH','MOD','S2','Statistique en Grande dimension',2014-07-23 00:00:00);
insert into Mod_Elem_id values ('HIID2404','ENH','MOD','S2','Entreprenariat-I-',2014-07-23 00:00:00);
insert into Mod_Elem_id values ('HIID2504','ENH','MOD','S2','Modélisation Stochastique',2014-07-23 00:00:00);
insert into Mod_Elem_id values ('HIID2604','ENH','MOD','S2','Administration et Optimisation des Bases de Données',2014-07-23 00:00:00);

--2 ème année :
insert into Mod_Elem_id values ('HIID204','ENH','AN','Etape 2',' ','2014-07-23 00:00:00');
--S3
insert into Mod_Elem_id values ('HIID3004','ENH','SM03','Semestre3',' ','2014-07-23 00:00:00');
insert into Mod_Elem_id values ('HIID3104','ENH','MOD','S3','Inteligence Artificielle I-Machine Learning',2014-07-23 00:00:00);
insert into Mod_Elem_id values ('HIID3204','ENH','MOD','S3','Programmation Python/Programmation Fonctionnelle',2014-07-23 00:00:00);
insert into Mod_Elem_id values ('HIID3214','ENH','ELM','S3','Programmation Python',2014-07-23 00:00:00);
insert into Mod_Elem_id values ('HIID3224','ENH','ELM','S3','Programmation Fonctionnelle',2014-07-23 00:00:00);
insert into Mod_Elem_id values ('HIID3304','ENH','MOD','S3','Architecture Logicielle et UML',2014-07-23 00:00:00);
insert into Mod_Elem_id values ('HIID3404','ENH','MOD','S3','Fondements du Big Data',2014-07-23 00:00:00);
insert into Mod_Elem_id values ('HIID3504','ENH','MOD','S3','Communication Profesionnelle et Soft Skills-II',2014-07-23 00:00:00);
insert into Mod_Elem_id values ('HIID3514','ENH','ELM','S3','Français de Communication -2-',2014-07-23 00:00:00);
insert into Mod_Elem_id values ('HIID3524','ENH','ELM','S3','Anglais de Communication-2-',2014-07-23 00:00:00);
insert into Mod_Elem_id values ('HIID3534','ENH','ELM','S3','Soft Skills-2',2014-07-23 00:00:00);
insert into Mod_Elem_id values ('HIID3604','ENH','MOD','S3','Bases de Données avancées',2014-07-23 00:00:00);
--S4
insert into Mod_Elem_id values ('HIID4004','ENH','SM04','Semestre4',' ','2014-07-23 00:00:00');
insert into Mod_Elem_id values ('HIID4104','ENH','MOD','S4','Big Data Avancées',2014-07-23 00:00:00);
insert into Mod_Elem_id values ('HIID4204','ENH','MOD','S4','Inteligence Artificielle II-Deep Learning',2014-07-23 00:00:00);
insert into Mod_Elem_id values ('HIID4304','ENH','MOD','S4','Date Werehouse et Data Lake',2014-07-23 00:00:00);
insert into Mod_Elem_id values ('HIID4404','ENH','MOD','S4','Programmation et Architecture Parallèle',2014-07-23 00:00:00);
insert into Mod_Elem_id values ('HIID4504','ENH','MOD','S4','Traitement Automatique de Langue (TAL) naturelles et ses Applications',2014-07-23 00:00:00);
insert into Mod_Elem_id values ('HIID4604','ENH','MOD','S4','Entreprenariat-II-',2014-07-23 00:00:00);

--3 ème année :
insert into Mod_Elem_id values ('HIID304','ENH','AN','Etape 3',' ','2014-07-23 00:00:00');
--S5
insert into Mod_Elem_id values ('HIID5004','ENH','SM05','Semestre5',' ','2014-07-23 00:00:00');
insert into Mod_Elem_id values ('HIID5104','ENH','MOD','S5','Dig Data Visualisation',2014-07-23 00:00:00);
insert into Mod_Elem_id values ('HIID5204','ENH','MOD','S5','Buisness Intelligence et veille Stratégique',2014-07-23 00:00:00);
insert into Mod_Elem_id values ('HIID5214','ENH','ELM','S5','Buisness Intelligence',2014-07-23 00:00:00);
insert into Mod_Elem_id values ('HIID5224','ENH','ELM','S5','veille Stratégique',2014-07-23 00:00:00);
insert into Mod_Elem_id values ('HIID5304','ENH','MOD','S5','Entreprenariat -III-',2014-07-23 00:00:00);
insert into Mod_Elem_id values ('HIID5404','ENH','MOD','S5','Social Network Mining',2014-07-23 00:00:00);
insert into Mod_Elem_id values ('HIID5504','ENH','MOD','S5','Web Marketing et CRM',2014-07-23 00:00:00);
insert into Mod_Elem_id values ('HIID5514','ENH','ELM','S5','Web Marketing',2014-07-23 00:00:00);
insert into Mod_Elem_id values ('HIID5524','ENH','ELM','S5','CRM',2014-07-23 00:00:00);
insert into Mod_Elem_id values ('HIID5604','ENH','MOD','S5','Transformation Digitale',2014-07-23 00:00:00);
--S6
insert into Mod_Elem_id values ('HIID6004','ENH','SM06','Semestre6',' ','2014-07-23 00:00:00');
insert into Mod_Elem_id values ('HIID6104','ENH','MOD','S6','Projet de fin d\'études (PFE)',2014-07-23 00:00:00);

commit;



insert into Inscr_Pedag_Id values ('ENH',HIID104);
insert into Inscr_Pedag_Id values ('ENH',HIID1004);
insert into Inscr_Pedag_Id values ('ENH',HIID1104);
insert into Inscr_Pedag_Id values ('ENH',HIID1114);
insert into Inscr_Pedag_Id values ('ENH',HIID1124);
insert into Inscr_Pedag_Id values ('ENH',HIID1204);
insert into Inscr_Pedag_Id values ('ENH',HIID1304);
insert into Inscr_Pedag_Id values ('ENH',HIID1404);
insert into Inscr_Pedag_Id values ('ENH',HIID1414);
insert into Inscr_Pedag_Id values ('ENH',HIID1424);
insert into Inscr_Pedag_Id values ('ENH',HIID1504);
insert into Inscr_Pedag_Id values ('ENH',HIID1514);
insert into Inscr_Pedag_Id values ('ENH',HIID1524);
insert into Inscr_Pedag_Id values ('ENH',HIID1534);
insert into Inscr_Pedag_Id values ('ENH',HIID1604);
insert into Inscr_Pedag_Id values ('ENH',HIID2004);
insert into Inscr_Pedag_Id values ('ENH',HIID2104);
insert into Inscr_Pedag_Id values ('ENH',HIID2204);
insert into Inscr_Pedag_Id values ('ENH',HIID2304);
insert into Inscr_Pedag_Id values ('ENH',HIID2404);
insert into Inscr_Pedag_Id values ('ENH',HIID2504);
insert into Inscr_Pedag_Id values ('ENH',HIID2604);
insert into Inscr_Pedag_Id values ('ENH',HIID204);
insert into Inscr_Pedag_Id values ('ENH',HIID3004);
insert into Inscr_Pedag_Id values ('ENH',HIID3104);
insert into Inscr_Pedag_Id values ('ENH',HIID3204);
insert into Inscr_Pedag_Id values ('ENH',HIID3214);
insert into Inscr_Pedag_Id values ('ENH',HIID3224);
insert into Inscr_Pedag_Id values ('ENH',HIID3304);
insert into Inscr_Pedag_Id values ('ENH',HIID3404);
insert into Inscr_Pedag_Id values ('ENH',HIID3504);
insert into Inscr_Pedag_Id values ('ENH',HIID3514);
insert into Inscr_Pedag_Id values ('ENH',HIID3524);
insert into Inscr_Pedag_Id values ('ENH',HIID3534);
insert into Inscr_Pedag_Id values ('ENH',HIID3604);
insert into Inscr_Pedag_Id values ('ENH',HIID4004);
insert into Inscr_Pedag_Id values ('ENH',HIID4104);
insert into Inscr_Pedag_Id values ('ENH',HIID4204);
insert into Inscr_Pedag_Id values ('ENH',HIID4304);
insert into Inscr_Pedag_Id values ('ENH',HIID4404);
insert into Inscr_Pedag_Id values ('ENH',HIID4504);
insert into Inscr_Pedag_Id values ('ENH',HIID4604);
insert into Inscr_Pedag_Id values ('ENH',HIID304);
insert into Inscr_Pedag_Id values ('ENH',HIID5004);
insert into Inscr_Pedag_Id values ('ENH',HIID5104);
insert into Inscr_Pedag_Id values ('ENH',HIID5204);
insert into Inscr_Pedag_Id values ('ENH',HIID5214);
insert into Inscr_Pedag_Id values ('ENH',HIID5224);
insert into Inscr_Pedag_Id values ('ENH',HIID5304);
insert into Inscr_Pedag_Id values ('ENH',HIID5404);
insert into Inscr_Pedag_Id values ('ENH',HIID5504);
insert into Inscr_Pedag_Id values ('ENH',HIID5514);
insert into Inscr_Pedag_Id values ('ENH',HIID5524);
insert into Inscr_Pedag_Id values ('ENH',HIID5604);
insert into Inscr_Pedag_Id values ('ENH',HIID6004);
insert into Inscr_Pedag_Id values ('ENH',HIID6104);
commit;


insert into Trait_Notes_Id values (HIID104,'HTN','T','');
insert into Trait_Notes_Id values (HIID1004,'HTN','T','');
insert into Trait_Notes_Id values (HIID1104,'HTN','T','');
insert into Trait_Notes_Id values (HIID1114,'HTN','T','');
insert into Trait_Notes_Id values (HIID1124,'HTN','T','');
insert into Trait_Notes_Id values (HIID1204,'HTN','T','');
insert into Trait_Notes_Id values (HIID1304,'HTN','T','');
insert into Trait_Notes_Id values (HIID1404,'HTN','T','');
insert into Trait_Notes_Id values (HIID1414,'HTN','T','');
insert into Trait_Notes_Id values (HIID1424,'HTN','T','');
insert into Trait_Notes_Id values (HIID1504,'HTN','T','');
insert into Trait_Notes_Id values (HIID1514,'HTN','T','');
insert into Trait_Notes_Id values (HIID1524,'HTN','T','');
insert into Trait_Notes_Id values (HIID1534,'HTN','T','');
insert into Trait_Notes_Id values (HIID1604,'HTN','T','');
insert into Trait_Notes_Id values (HIID2004,'HTN','T','');
insert into Trait_Notes_Id values (HIID2104,'HTN','T','');
insert into Trait_Notes_Id values (HIID2204,'HTN','T','');
insert into Trait_Notes_Id values (HIID2304,'HTN','T','');
insert into Trait_Notes_Id values (HIID2404,'HTN','T','');
insert into Trait_Notes_Id values (HIID2504,'HTN','T','');
insert into Trait_Notes_Id values (HIID2604,'HTN','T','');
insert into Trait_Notes_Id values (HIID204,'HTN','T','');
insert into Trait_Notes_Id values (HIID3004,'HTN','T','');
insert into Trait_Notes_Id values (HIID3104,'HTN','T','');
insert into Trait_Notes_Id values (HIID3204,'HTN','T','');
insert into Trait_Notes_Id values (HIID3214,'HTN','T','');
insert into Trait_Notes_Id values (HIID3224,'HTN','T','');
insert into Trait_Notes_Id values (HIID3304,'HTN','T','');
insert into Trait_Notes_Id values (HIID3404,'HTN','T','');
insert into Trait_Notes_Id values (HIID3504,'HTN','T','');
insert into Trait_Notes_Id values (HIID3514,'HTN','T','');
insert into Trait_Notes_Id values (HIID3524,'HTN','T','');
insert into Trait_Notes_Id values (HIID3534,'HTN','T','');
insert into Trait_Notes_Id values (HIID3604,'HTN','T','');
insert into Trait_Notes_Id values (HIID4004,'HTN','T','');
insert into Trait_Notes_Id values (HIID4104,'HTN','T','');
insert into Trait_Notes_Id values (HIID4204,'HTN','T','');
insert into Trait_Notes_Id values (HIID4304,'HTN','T','');
insert into Trait_Notes_Id values (HIID4404,'HTN','T','');
insert into Trait_Notes_Id values (HIID4504,'HTN','T','');
insert into Trait_Notes_Id values (HIID4604,'HTN','T','');
insert into Trait_Notes_Id values (HIID304,'HTN','T','');
insert into Trait_Notes_Id values (HIID5004,'HTN','T','');
insert into Trait_Notes_Id values (HIID5104,'HTN','T','');
insert into Trait_Notes_Id values (HIID5204,'HTN','T','');
insert into Trait_Notes_Id values (HIID5214,'HTN','T','');
insert into Trait_Notes_Id values (HIID5224,'HTN','T','');
insert into Trait_Notes_Id values (HIID5304,'HTN','T','');
insert into Trait_Notes_Id values (HIID5404,'HTN','T','');
insert into Trait_Notes_Id values (HIID5504,'HTN','T','');
insert into Trait_Notes_Id values (HIID5514,'HTN','T','');
insert into Trait_Notes_Id values (HIID5524,'HTN','T','');
insert into Trait_Notes_Id values (HIID5604,'HTN','T','');
insert into Trait_Notes_Id values (HIID6004,'HTN','T','');
insert into Trait_Notes_Id values (HIID6104,'HTN','T','');
commit;


insert into List_Mod_Elm_Id values ('HIID14','O','O',' VET 1 Année ID','');
insert into List_Mod_Elm_Id values ('HIID104','O','O','VET_ELEM_NOM','','');
insert into List_Mod_Elm_Id values ('HIID1004','O','O',Semestre1',' ','');
insert into List_Mod_Elm_Id values ('HIID1104','O','O','Analyse Numérique Matricielle et Statistique Infirentielle','');
insert into List_Mod_Elm_Id values ('HIID1204','O','O','Théorie des Langages et Compilation','');
insert into List_Mod_Elm_Id values ('HIID1304','O','O','Systéms D\'information et Bases de Données','');
insert into List_Mod_Elm_Id values ('HIID1404','O','O','Architecture des Ordinnateurs et Systemes d\'exploitation','');
insert into List_Mod_Elm_Id values ('HIID1504','O','O','Communication Profesionnelle et Soft Skills-1','');
insert into List_Mod_Elm_Id values ('HIID1604','O','O','Recherche d\'Information (RI)','');
insert into List_Mod_Elm_Id values ('HIID2004','O','O',Semestre2',' ','');
insert into List_Mod_Elm_Id values ('HIID2104','O','O','Programmation Orientée Objet JAVA','');
insert into List_Mod_Elm_Id values ('HIID2204','O','O','Data Mining','');
insert into List_Mod_Elm_Id values ('HIID2304','O','O','Statistique en Grande dimension','');
insert into List_Mod_Elm_Id values ('HIID2404','O','O','Entreprenariat-I-','');
insert into List_Mod_Elm_Id values ('HIID2504','O','O','Modélisation Stochastique','');
insert into List_Mod_Elm_Id values ('HIID2604','O','O','Administration et Optimisation des Bases de Données','');

insert into List_Mod_Elm_Id values ('HIID24','O','O',' VET 2 Année ID','');
insert into List_Mod_Elm_Id values ('HIID204','O','O','VET_ELEM_NOM','','');
insert into List_Mod_Elm_Id values ('HIID3004','O','O',Semestre3',' ','');
insert into List_Mod_Elm_Id values ('HIID3104','O','O','Inteligence Artificielle I-Machine Learning','');
insert into List_Mod_Elm_Id values ('HIID3204','O','O','Programmation Python/Programmation Fonctionnelle','');
insert into List_Mod_Elm_Id values ('HIID3304','O','O','Architecture Logicielle et UML','');
insert into List_Mod_Elm_Id values ('HIID3404','O','O','Fondements du Big Data','');
insert into List_Mod_Elm_Id values ('HIID3504','O','O','Communication Profesionnelle et Soft Skills-II','');
insert into List_Mod_Elm_Id values ('HIID3604','O','O','Bases de Données avancées','');
insert into List_Mod_Elm_Id values ('HIID4004','O','O',Semestre4',' ','');
insert into List_Mod_Elm_Id values ('HIID4104','O','O','Big Data Avancées','');
insert into List_Mod_Elm_Id values ('HIID4204','O','O','Inteligence Artificielle II-Deep Learning','');
insert into List_Mod_Elm_Id values ('HIID4304','O','O','Date Werehouse et Data Lake','');
insert into List_Mod_Elm_Id values ('HIID4404','O','O','Programmation et Architecture Parallèle','');
insert into List_Mod_Elm_Id values ('HIID4504','O','O','Traitement Automatique de Langue (TAL) naturelles et ses Applications','');
insert into List_Mod_Elm_Id values ('HIID4604','O','O','Entreprenariat-II-','');

insert into List_Mod_Elm_Id values ('HIID34','O','O',' VET 3 Année ID','');
insert into List_Mod_Elm_Id values ('HIID304','O','O','VET_ELEM_NOM','','');
insert into List_Mod_Elm_Id values ('HIID5004','O','O',Semestre5',' ','');
insert into List_Mod_Elm_Id values ('HIID5104','O','O','Dig Data Visualisation','');
insert into List_Mod_Elm_Id values ('HIID5204','O','O','Buisness Intelligence et veille Stratégique','');
insert into List_Mod_Elm_Id values ('HIID5304','O','O','Entreprenariat -III-','');
insert into List_Mod_Elm_Id values ('HIID5404','O','O','Social Network Mining','');
insert into List_Mod_Elm_Id values ('HIID5504','O','O','Web Marketing et CRM','');
insert into List_Mod_Elm_Id values ('HIID5604','O','O','Transformation Digitale','');
insert into List_Mod_Elm_Id values ('HIID6004','O','O',Semestre6',' ','');
insert into List_Mod_Elm_Id values ('HIID6104','O','O','Projet de fin d\'études (PFE)','');

commit;



